1,Audrie,Catherick,acatherick0@unblog.fr,Female
2,Odette,Onion,oonion1@ftc.gov,Female
3,Adina,Loughnan,aloughnan2@newyorker.com,Female
4,Bartholomeus,Points,bpoints3@upenn.edu,Male
5,Fayette,Orth,forth4@hibu.com,Female
6,Kendrick,Cullimore,kcullimore5@ycombinator.com,Male
7,Goldarina,Piser,gpiser6@vkontakte.ru,Female
8,Wally,Callam,wcallam7@icio.us,Male
9,Amby,Madrell,amadrell8@aol.com,Male
10,Nealon,Bloggett,nbloggett9@yellowpages.com,Male
11,Ealasaid,MacLeod,emacleoda@list-manage.com,Female
12,Benedikta,Huntley,bhuntleyb@abc.net.au,Female
13,Ragnar,Laver,rlaverc@amazon.de,Male
14,Jolie,Claughton,jclaughtond@usnews.com,Female
15,Staffard,Petracek,spetraceke@mozilla.org,Male
16,Riki,Trowill,rtrowillf@dailymotion.com,Female
17,Justinn,Plinck,jplinckg@dailymail.co.uk,Bigender
18,Emlyn,Carme,ecarmeh@chronoengine.com,Female
19,Jan,Barrack,jbarracki@sun.com,Male
20,Lilllie,Whaites,lwhaitesj@blogs.com,Female
21,Edouard,Kopec,ekopeck@ifeng.com,Male
22,Dewie,Renahan,drenahanl@purevolume.com,Male
23,Sibilla,Scarlet,sscarletm@tmall.com,Female
24,Liam,Flaonier,lflaoniern@youtube.com,Male
25,Renie,Wheatley,rwheatleyo@wired.com,Female
26,Ruddy,Buesnel,rbuesnelp@newyorker.com,Non-binary
27,Florrie,Gibberd,fgibberdq@tinypic.com,Female
28,Cindie,Eaves,ceavesr@google.ca,Agender
29,Roana,Amber,rambers@mashable.com,Female
30,Tabina,Honatsch,thonatscht@about.me,Female
31,Johanna,Skase,jskaseu@msu.edu,Female
32,Hyman,Anstey,hansteyv@merriam-webster.com,Male
33,Eveleen,Dowthwaite,edowthwaitew@tmall.com,Female
34,Melvyn,Scraggs,mscraggsx@plala.or.jp,Male
35,Stephannie,Fathers,sfathersy@jalbum.net,Female
36,Willis,Knolles-Green,wknollesgreenz@google.co.uk,Male
37,Ellie,Winterbotham,ewinterbotham10@blinklist.com,Female
38,Finley,Pennone,fpennone11@tinypic.com,Male
39,Galina,Wilber,gwilber12@surveymonkey.com,Female
40,Marnia,Fearey,mfearey13@wsj.com,Agender
41,Fannie,McSperron,fmcsperron14@google.co.jp,Female
42,Ruby,Albarez,ralbarez15@house.gov,Female
43,Arlie,Catlette,acatlette16@slate.com,Female
44,Siobhan,Battram,sbattram17@shareasale.com,Genderfluid
45,Tyson,Greensitt,tgreensitt18@exblog.jp,Male
46,Alphard,Prantoni,aprantoni19@topsy.com,Male
47,Jeffie,Lemmens,jlemmens1a@ustream.tv,Male
48,Ellsworth,Morville,emorville1b@i2i.jp,Male
49,Jilli,Ritchings,jritchings1c@hp.com,Female
50,Riobard,Norridge,rnorridge1d@taobao.com,Bigender
51,Cecelia,Ames,cames1e@yellowpages.com,Female
52,Conchita,Clotworthy,cclotworthy1f@msu.edu,Female
53,Alfy,Choudhury,achoudhury1g@miibeian.gov.cn,Male
54,Joelle,Cadd,jcadd1h@accuweather.com,Female
55,Pat,Cron,pcron1i@mayoclinic.com,Male
56,Early,Iredell,eiredell1j@yahoo.co.jp,Male
57,Jamal,Digg,jdigg1k@de.vu,Male
58,Boonie,Lechelle,blechelle1l@kickstarter.com,Male
59,Briggs,Junkison,bjunkison1m@opensource.org,Male
60,Saunderson,Gillott,sgillott1n@squarespace.com,Genderqueer
61,Fernando,Grafton,fgrafton1o@eventbrite.com,Male
62,Sarah,Thickens,sthickens1p@huffingtonpost.com,Female
63,Jamie,Digginson,jdigginson1q@virginia.edu,Female
64,Malchy,Cardero,mcardero1r@blogger.com,Male
65,Anya,O'Doghesty,aodoghesty1s@auda.org.au,Female
66,Jodi,Turfrey,jturfrey1t@livejournal.com,Agender
67,Jere,Ickeringill,jickeringill1u@ted.com,Female
68,Syd,Antonetti,santonetti1v@economist.com,Male
69,Scot,Forty,sforty1w@ifeng.com,Polygender
70,Robby,Neely,rneely1x@barnesandnoble.com,Female
71,Henrik,Jopp,hjopp1y@tinyurl.com,Male
72,Leonhard,Pond,lpond1z@digg.com,Male
73,Tamera,Dibble,tdibble20@flavors.me,Agender
74,Edvard,Philbin,ephilbin21@woothemes.com,Male
75,Bren,Bleibaum,bbleibaum22@scientificamerican.com,Male
76,Guthrie,Farrington,gfarrington23@stumbleupon.com,Male
77,Pam,Meegan,pmeegan24@google.ru,Female
78,Ripley,Stroton,rstroton25@infoseek.co.jp,Male
79,Robena,Whitehouse,rwhitehouse26@intel.com,Female
80,Nathanael,Ziemsen,nziemsen27@nsw.gov.au,Male
81,Gregory,Celand,gceland28@archive.org,Male
82,Jerri,Spaxman,jspaxman29@loc.gov,Male
83,Molly,Semorad,msemorad2a@ifeng.com,Female
84,Vincent,Plumer,vplumer2b@who.int,Male
85,Marlie,Brandacci,mbrandacci2c@google.co.uk,Female
86,Edvard,De La Hay,edelahay2d@cpanel.net,Bigender
87,Adrian,Sutherel,asutherel2e@vinaora.com,Male
88,Hayley,Balthasar,hbalthasar2f@elegantthemes.com,Female
89,Edi,Parram,eparram2g@sina.com.cn,Female
90,Leland,Kingh,lkingh2h@pagesperso-orange.fr,Male
91,Monti,Brignall,mbrignall2i@phoca.cz,Male
92,Scot,Bumphries,sbumphries2j@digg.com,Male
93,Forbes,Siflet,fsiflet2k@simplemachines.org,Male
94,Hannah,Embling,hembling2l@discovery.com,Female
95,Ursa,Farrent,ufarrent2m@archive.org,Female
96,Aurora,Marples,amarples2n@google.com,Female
97,Tommie,Antham,tantham2o@walmart.com,Female
98,Torry,Vynarde,tvynarde2p@seattletimes.com,Male
99,Minnie,Moret,mmoret2q@fc2.com,Female
100,Araldo,Allsopp,aallsopp2r@slideshare.net,Male
